<?xml version="1.0" encoding="UTF-8"?><TaskRepositories OutputVersion="2"><TaskRepository kind="bugzilla" url="https://bugzilla.bredex.de" version="3.6.10" encoding="UTF-8" timezone="Europe/Paris" org.eclipse.mylyn.tasklist.repositories.proxy.usedefault="true" org.eclipse.mylyn.tasklist.repositories.savePassword="true" org.eclipse.mylyn.tasklist.repositories.httpauth.savePassword="true" org.eclipse.mylyn.tasklist.repositories.proxy.savePassword="true" label="Bugzilla - BREDEX GmbH" org.eclipse.mylyn.tasklist.repositories.enabled="false" org.eclipse.mylyn.tasklist.repositories.template="true" category="org.eclipse.mylyn.category.bugs"><Property value="3.6.10" key="version"/><Property value="UTF-8" key="encoding"/><Property value="Europe/Paris" key="timezone"/><Property value="true" key="org.eclipse.mylyn.tasklist.repositories.proxy.usedefault"/><Property value="true" key="org.eclipse.mylyn.tasklist.repositories.savePassword"/><Property value="true" key="org.eclipse.mylyn.tasklist.repositories.httpauth.savePassword"/><Property value="true" key="org.eclipse.mylyn.tasklist.repositories.proxy.savePassword"/><Property value="Bugzilla - BREDEX GmbH" key="label"/><Property value="false" key="org.eclipse.mylyn.tasklist.repositories.enabled"/><Property value="true" key="org.eclipse.mylyn.tasklist.repositories.template"/><Property value="org.eclipse.mylyn.category.bugs" key="category"/></TaskRepository><TaskRepository kind="bugzilla" url="https://bugs.eclipse.org/bugs" version="4.2.1" encoding="UTF-8" timezone="Europe/Paris" org.eclipse.mylyn.tasklist.repositories.proxy.usedefault="true" org.eclipse.mylyn.tasklist.repositories.savePassword="true" org.eclipse.mylyn.tasklist.repositories.httpauth.savePassword="true" org.eclipse.mylyn.tasklist.repositories.proxy.savePassword="true" label="Bugzilla - Eclipse.org" org.eclipse.mylyn.tasklist.repositories.enabled="false" org.eclipse.mylyn.tasklist.repositories.template="true" category="org.eclipse.mylyn.category.bugs" avatarSupport="true"><Property value="4.2.1" key="version"/><Property value="UTF-8" key="encoding"/><Property value="Europe/Paris" key="timezone"/><Property value="true" key="org.eclipse.mylyn.tasklist.repositories.proxy.usedefault"/><Property value="true" key="org.eclipse.mylyn.tasklist.repositories.savePassword"/><Property value="true" key="org.eclipse.mylyn.tasklist.repositories.httpauth.savePassword"/><Property value="true" key="org.eclipse.mylyn.tasklist.repositories.proxy.savePassword"/><Property value="Bugzilla - Eclipse.org" key="label"/><Property value="false" key="org.eclipse.mylyn.tasklist.repositories.enabled"/><Property value="true" key="org.eclipse.mylyn.tasklist.repositories.template"/><Property value="org.eclipse.mylyn.category.bugs" key="category"/><Property value="true" key="avatarSupport"/></TaskRepository><TaskRepository kind="local" url="local" version="1" encoding="UTF-8" timezone="Europe/Paris" org.eclipse.mylyn.tasklist.repositories.proxy.usedefault="true" org.eclipse.mylyn.tasklist.repositories.savePassword="true" org.eclipse.mylyn.tasklist.repositories.httpauth.savePassword="true" org.eclipse.mylyn.tasklist.repositories.proxy.savePassword="true" label="Local" category="org.eclipse.mylyn.category.tasks"><Property value="1" key="version"/><Property value="UTF-8" key="encoding"/><Property value="Europe/Paris" key="timezone"/><Property value="true" key="org.eclipse.mylyn.tasklist.repositories.proxy.usedefault"/><Property value="true" key="org.eclipse.mylyn.tasklist.repositories.savePassword"/><Property value="true" key="org.eclipse.mylyn.tasklist.repositories.httpauth.savePassword"/><Property value="true" key="org.eclipse.mylyn.tasklist.repositories.proxy.savePassword"/><Property value="Local" key="label"/><Property value="org.eclipse.mylyn.category.tasks" key="category"/></TaskRepository></TaskRepositories>